, PRODUCT A ,exp,err, PRODUCT B ,exp,err, PRODUCT C ,exp,err, PRODUCT D ,exp,err
DATE, Daily Sales ,0.05,, Daily Sales ,0.05,, Daily Sales ,0.05,, Daily Sales ,0.05,
03-Jan-11,210,#N/A,#N/A,702,#N/A,#N/A,18,#N/A,#N/A,516,#N/A,#N/A
04-Jan-11,"10,294","10,294",#N/A,402,402,#N/A,,0,#N/A,324,324,#N/A
05-Jan-11,"3,395",3739.95,#N/A,438,436.2,#N/A,,0,#N/A,"3,618",3453.3,#N/A
06-Jan-11,432,597.3975,#N/A,19,39.86,#N/A,,0,#N/A,414,565.965,#N/A
07-Jan-11,106,130.569875,4426.443482,,1.993,241.7656165,,0,#DIV/0!,72,96.69825,2603.317237
10-Jan-11,,6.52849375,1930.803348,216,205.29965,270.7119232,,0,#DIV/0!,546,523.5349125,1796.591029
11-Jan-11,"13,344",12677.12642,7705.617381,,10.2649825,123.5569991,,0,#DIV/0!,186,202.8767456,431.9734949
12-Jan-11,"5,066",5446.556321,8865.991045,444,422.3132491,279.2400768,18,17.1,10.39230485,"3,954",3766.443837,2189.880328
13-Jan-11,"1,283",1491.177816,9186.087177,402,403.0156625,250.691506,,0.855,10.39230485,396,564.5221919,2918.03285
14-Jan-11,343,400.4088908,5052.483185,,20.15078312,250.691506,,0.04275,10.39230485,78,102.3261096,2925.036819
17-Jan-11,"2,989",2859.570445,2907.135903,354,337.3075392,193.1043998,,0.0021375,#DIV/0!,468,449.7163055,1977.398366
18-Jan-11,"9,631",9292.428522,4237.584786,546,535.565377,227.3087788,,0.000106875,#DIV/0!,"1,218",1179.585815,565.8860523
19-Jan-11,"3,758",4034.721426,5265.705436,396,402.9782688,241.1682243,19,18.05000534,10.96959341,"2,844",2760.779291,1079.23612
20-Jan-11,"1,552",1676.136071,5248.684374,,20.14891344,144.9494598,,0.902500267,10.96959341,618,725.1389645,1628.090651
21-Jan-11,124,201.6068036,3614.919599,,1.007445672,80.57810796,,0.045125013,10.96959341,54,87.55694823,1613.712611
24-Jan-11,"2,591",2471.53034,2181.912915,396,376.2503723,228.0490576,,0.002256251,#DIV/0!,246,238.0778474,1299.61979
25-Jan-11,"5,514",5361.876517,2406.584569,132,144.2125186,268.1276825,,0.000112813,#DIV/0!,"1,842",1761.803892,1007.984455
26-Jan-11,"4,572",4611.493826,2279.599847,372,360.6106259,298.6438788,17,16.15000564,9.814889444,"2,712",2664.490195,1080.207251
27-Jan-11,280,496.5746913,3089.895646,36,52.2305313,268.8974027,,0.807500282,9.814889444,408,520.8245097,1689.890225
28-Jan-11,,24.82873456,2542.029614,,2.611526565,228.953558,,0.040375014,9.814889444,48,71.64122549,1439.697151
31-Jan-11,"2,926",2780.941437,3009.907721,360,342.1305763,278.7463479,,0.002018751,#DIV/0!,396,379.7820613,1344.187441
01-Feb-11,"5,309",5182.597072,2221.701661,348,347.7065288,206.366156,,0.000100938,#DIV/0!,168,178.5891031,352.9037985
02-Feb-11,"5,038",5045.229854,2223.269599,444,439.1853264,213.7236562,,5.04688E-06,#DIV/0!,"4,200",3998.929455,2332.509797
03-Feb-11,"1,446",1625.961493,2540.763924,14,35.25926632,251.720377,18,17.10000025,10.39230193,444,621.7464728,3101.296539
04-Feb-11,200,271.2980746,2236.718581,,1.762963316,251.6975661,,0.855000013,10.39230193,108,133.6873236,3113.048049
07-Feb-11,"2,219",2121.614904,2502.090093,504,478.8881482,379.9230636,,0.042750001,10.39230193,342,331.5843662,2077.246017
08-Feb-11,"7,254",6997.380745,3274.562859,546,542.6444074,292.5440375,,0.0021375,#DIV/0!,"1,290",1242.079218,639.2417739
09-Feb-11,"6,398",6427.969037,3188.216683,390,397.6322204,305.530335,13,12.35010688,7.504319413,"3,780",3653.103961,1570.880495
10-Feb-11,"1,363",1616.248452,4177.501063,18,36.98161102,239.3915471,,0.617505344,7.504319413,540,695.655198,2384.04549
11-Feb-11,225,294.5624226,3052.252768,,1.849080551,236.2350086,,0.030875267,7.504319413,90,120.2827599,2345.156454
14-Feb-11,"2,474",2365.028121,3283.262187,342,324.992454,294.2919586,,0.001543763,#DIV/0!,294,285.314138,1833.794988
15-Feb-11,"10,196",9804.451406,4761.289775,392,388.6496227,200.160485,,7.71882E-05,#DIV/0!,"1,620",1553.265707,852.1311027
16-Feb-11,"4,123",4407.07257,5725.759303,,19.43248114,200.160485,18,17.10000386,10.39226028,"2,826",2762.363285,1069.488446
17-Feb-11,"1,998",2118.453629,5756.348417,,0.971624057,38.6868247,,0.855000193,10.39226028,702,805.0181643,1596.489461
18-Feb-11,"3,434",3368.222681,3642.946746,,0.048581203,#DIV/0!,,0.04275001,10.39226028,48,85.85090821,1464.926158
22-Feb-11,"6,684",6518.211134,2485.201007,18,17.10242906,10.36425647,,0.0021375,#DIV/0!,,4.292545411,1267.303353
23-Feb-11,"5,806",5841.610557,2100.181435,414,394.1551215,229.383184,17,16.15010688,9.81372049,,0.214627271,437.0646409
24-Feb-11,69,357.6305278,3865.430401,,19.70775607,229.383184,,0.807505344,9.81372049,,0.010731364,#DIV/0!
25-Feb-11,302,304.7815264,3358.242204,,0.985387804,229.1489194,,0.040375267,9.81372049,,0.000536568,#DIV/0!
28-Feb-11,"1,326",1274.939076,3384.721287,429,407.5992694,247.1143516,,0.002018763,#DIV/0!,900,855.0000268,519.6149325
01-Mar-11,"8,444",8085.546954,4180.965457,,20.37996347,247.1143516,,0.000100938,#DIV/0!,,42.75000134,519.6149325
02-Mar-11,"3,273",3513.627348,5019.92463,"2,229",2118.568998,1298.871173,16,15.20000505,9.23754603,,2.137500067,519.6149325
03-Mar-11,"1,342",1450.581367,5140.428259,19,123.9784499,1759.374173,,0.760000252,9.23754603,422,401.006875,242.4077274
04-Mar-11,400,452.5290684,3108.069858,,6.198922495,1759.374173,,0.038000013,9.23754603,"9,036",8604.250344,4991.305467
07-Mar-11,"2,011",1933.076453,1658.163461,417,396.4599461,1235.171716,,0.001900001,#DIV/0!,24,453.0125172,7032.308458
08-Mar-11,"6,826",6581.353823,3026.17766,516,510.0229973,247.0137309,,9.5E-05,#DIV/0!,,22.65062586,7028.129249
09-Mar-11,"5,860",5896.067691,2993.876184,702,692.4011499,270.7412783,16,15.20000475,9.237549459,,1.132531293,4953.809846
10-Mar-11,"1,368",1594.403385,3871.45318,43,75.47005749,397.0167282,,0.760000238,9.237549459,5,4.806626565,2.232884099
11-Mar-11,253,320.0701692,2758.206627,,3.773502875,390.9718758,,0.038000012,9.237549459,,0.240331328,2.232884099
14-Mar-11,"3,008",2873.603508,3137.287939,474,450.4886751,462.9020098,,0.001900001,#DIV/0!,,0.012016566,2.232884099
15-Mar-11,"1,960",2005.680175,1812.824793,642,632.4244338,293.1379346,,9.5E-05,#DIV/0!,"1,104",1048.800601,637.3877594
16-Mar-11,"11,312",10846.68401,5617.449802,594,595.9212217,293.97618,16,15.20000475,9.237549459,,52.44003004,637.3877594
17-Mar-11,814,1315.6342,7918.270191,,29.79606108,112.7726691,,0.760000238,9.237549459,,2.622001502,637.3877594
18-Mar-11,"1,072",1084.18171,7901.934251,,1.489803054,22.18435717,,0.038000012,9.237549459,,0.131100075,#DIV/0!
21-Mar-11,"1,982",1937.109086,5817.221093,324,307.8744902,186.201349,,0.001900001,#DIV/0!,3,2.856555004,1.656360144
22-Mar-11,"10,992",10539.25545,5255.361858,482,473.2937245,211.606963,,9.5E-05,#DIV/0!,,0.14282775,1.656360144
23-Mar-11,"3,865",4198.712773,6515.182602,492,491.0646862,211.8823927,16,15.20000475,9.237549459,,0.007141388,1.656360144
24-Mar-11,"1,402",1541.835639,6692.242715,30,53.05323431,284.7515073,,0.760000238,9.237549459,2,1.900357069,1.150577456
25-Mar-11,150,219.5917819,4254.585552,,2.652661716,266.4148204,,0.038000012,9.237549459,"2,615",2484.345018,1508.674221
28-Mar-11,"2,143",2046.829589,2118.042174,356,338.3326331,335.3778895,,0.001900001,#DIV/0!,"4,812",4695.617251,2020.418392
29-Mar-11,"11,240",10780.34148,5481.821103,464,457.7166317,216.523,,9.5E-05,#DIV/0!,,234.7808625,2020.418064
30-Mar-11,"4,000",4339.017074,6687.972088,498,495.9858316,217.768515,16,15.20000475,9.237549459,168,171.3390431,1344.425205
31-Mar-11,"1,475",1618.200854,6799.264827,24,47.59929158,282.9520938,,0.760000238,9.237549459,18,25.66695216,96.56180361
01-Apr-11,253,321.2600427,4322.013333,,2.379964579,273.4918493,,0.038000012,9.237549459,,1.283347608,96.56180361
04-Apr-11,"3,090",2951.563002,2431.206019,594,564.4189982,436.9534268,,0.001900001,#DIV/0!,,0.06416738,88.53033783
05-Apr-11,"6,772",6580.97815,2835.808713,517,519.3709499,342.6673935,,9.5E-05,#DIV/0!,2,1.903208369,1.117653484
06-Apr-11,"5,869",5904.598908,2754.909115,444,447.7685475,345.4193624,21,19.95000475,12.1243008,5,4.845160418,2.108519729
07-Apr-11,"1,412",1636.629945,3429.581932,36,56.58842737,243.230123,,0.997500238,12.1243008,2,2.142258021,2.672857656
08-Apr-11,162,235.7314973,2760.730055,,2.829421369,241.6844477,,0.049875012,12.1243008,,0.107112901,2.427965967
11-Apr-11,"2,088",1995.386575,2931.943441,396,376.3414711,328.7027231,,0.002493751,#DIV/0!,"4,932",4685.405356,2847.43016
12-Apr-11,"5,864",5670.569329,2618.625716,30,47.31707355,302.5092387,,0.000124688,#DIV/0!,"11,534",11191.57027,4872.604234
13-Apr-11,"6,467",6427.178466,2518.688167,,2.365853678,302.5092387,21,19.95000623,12.12428366,"2,357",2798.728513,7053.992909
14-Apr-11,"1,307",1563.008923,3733.483591,24,22.91829268,200.3500694,,0.997500312,12.12428366,310,434.4364257,6611.77359
15-Apr-11,240,306.1504462,3087.657254,,1.145914634,12.4904802,,0.049875016,12.12428366,186,198.4218213,5301.104353
18-Apr-11,"2,148",2055.907522,3233.109438,,0.057295732,12.4904802,,0.002493751,#DIV/0!,517,501.0710911,1455.676512
19-Apr-11,"5,424",5255.595376,2344.270272,420,399.0028648,242.4540334,,0.000124688,#DIV/0!,648,640.6535546,248.1940221
20-Apr-11,"5,664",5643.579769,2228.845071,"1,328",1281.550143,588.6106671,19,18.05000623,10.96958313,"5,226",4996.732678,2655.088334
21-Apr-11,"1,096",1323.378988,3275.735186,42,103.9775072,926.6196828,,0.902500312,10.96958313,306,540.5366339,3788.137765
22-Apr-11,276,328.3689494,2704.581227,,5.198875358,894.3377876,,0.045125016,10.96958313,54,78.32683169,3797.591034
25-Apr-11,"1,824",1749.218447,2829.275334,234,222.5599438,727.7441199,,0.002256251,#DIV/0!,294,283.2163416,2725.570635
26-Apr-11,"4,150",4029.960922,1741.423464,378,370.2279972,159.699265,,0.000112813,#DIV/0!,"2,448",2339.760817,1287.053625
27-Apr-11,"5,379",5311.548046,1809.288141,457,452.6613999,167.3727837,19,18.05000564,10.96958998,"9,966",9584.688041,4578.658001
28-Apr-11,"1,579",1765.627402,2678.03245,18,39.73306999,271.183532,,0.902500282,10.96958998,312,775.634402,7043.402489
29-Apr-11,275,349.5313701,2447.705824,,1.9866535,255.903571,,0.045125014,10.96958998,42,78.6817201,6944.55391
02-May-11,"1,258",1212.576569,2379.019421,354,336.3993327,322.9261673,,0.002256251,#DIV/0!,456,437.134086,5374.735095
03-May-11,"8,602",8232.528828,4383.714709,396,393.0199666,206.1274975,,0.000112813,#DIV/0!,168,181.4567043,501.006213
04-May-11,"3,760",3983.626441,5014.392885,528,521.2509983,220.3673033,21,19.95000564,12.12429052,102,105.9728352,271.4870215
05-May-11,"1,266",1401.881322,5227.8927,6,31.76254992,309.4378991,,0.997500282,12.12429052,336,324.4986418,209.4906686
06-May-11,370,421.5940661,3079.707056,,1.588127496,307.5186719,,0.049875014,12.12429052,114,124.5249321,185.7736459
09-May-11,"2,346",2249.779703,2012.760189,312,296.4794064,347.2938822,,0.002493751,#DIV/0!,432,416.6262466,252.8260879
10-May-11,"5,819",5640.538985,2415.743556,432,425.2239703,195.5516657,,0.000124688,#DIV/0!,54,72.13131233,300.1934878
11-May-11,"6,369",6332.576949,2378.607938,396,397.4611985,196.2782059,21,19.95000623,12.12428366,,3.606565617,274.4926909
12-May-11,"1,066",1329.328847,3697.153037,6,25.57305993,239.7649833,,0.997500312,12.12428366,,0.180328281,209.3623611
13-May-11,250,303.9664424,3132.221734,,1.278652996,226.6391481,,0.049875016,12.12428366,,0.009016414,#DIV/0!
16-May-11,"2,188",2093.798322,3288.939341,240,228.0639326,264.7198214,,0.002493751,#DIV/0!,,0.000450821,#DIV/0!
17-May-11,"7,649",7371.239916,3443.583351,414,404.7031966,174.6998404,,0.000124688,#DIV/0!,6,5.700022541,3.463841334
18-May-11,"4,255",4410.811996,3834.961944,684,670.0351598,237.7441251,24,22.80000623,13.85633447,"6,858",6515.385001,3956.178753
19-May-11,"1,276",1432.7406,4098.709681,,33.50175799,193.7170837,,1.140000312,13.85633447,384,690.5692501,5308.732837
20-May-11,186,248.33703,2651.563035,,1.6750879,161.2520846,,0.057000016,13.85633447,"2,190",2115.028463,5378.853335
23-May-11,"2,272",2170.816851,2271.315345,366,347.7837544,210.3430861,,0.002850001,#DIV/0!,"5,628",5452.351423,4170.657168
24-May-11,"9,426",9063.240843,4407.843632,432,427.7891877,215.8896459,,0.0001425,#DIV/0!,"1,338",1543.717571,3241.25229
25-May-11,"3,963",4218.012042,5251.836218,606,597.0894594,239.1541422,19,18.05000713,10.96957284,"2,748",2687.785879,3199.955876
26-May-11,"2,404",2494.700602,5226.240805,30,58.35447297,346.6227174,,0.902500356,10.96957284,762,858.2892939,2713.351866
27-May-11,"1,365",1421.48503,3192.664498,,2.917723648,343.1955461,,0.045125018,10.96957284,108,145.5144647,1381.048085
31-May-11,"4,000",3871.074252,1933.528949,708,672.7458862,522.408356,,0.002256251,#DIV/0!,,7.275723235,1193.256786
01-Jun-11,"5,886",5785.253713,1998.740326,342,358.5372943,449.6420271,17,16.15011281,9.813651929,"3,858",3665.463786,2265.024759
02-Jun-11,596,855.4626856,3541.987169,12,29.32686472,492.1456268,,0.807505641,9.813651929,288,456.8731893,2957.213727
03-Jun-11,306,333.4731343,3229.560812,,1.466343236,276.5748468,,0.040375282,9.813651929,18,39.94365947,2968.049234
06-Jun-11,622,607.5736567,3017.367014,468,444.6733172,335.5303013,,0.002018764,#DIV/0!,144,138.797183,1967.290779
07-Jun-11,"8,484",8090.178683,4561.551232,420,421.2336659,269.729757,,0.000100938,#DIV/0!,222,217.8398591,264.8018801
08-Jun-11,"5,320",5458.508934,4823.388492,432,431.4616833,269.801371,21,19.95000505,12.12429738,"3,834",3653.191993,2089.207553
09-Jun-11,"1,480",1678.925447,5339.803842,12,32.97308416,242.6745353,,0.997500252,12.12429738,288,456.2595996,2852.370594
10-Jun-11,261,331.8962723,2916.215347,,1.648654208,242.2560751,,0.049875013,12.12429738,114,131.11298,2858.803535
13-Jun-11,"2,018",1933.694814,2625.642251,336,319.2824327,309.6982005,,0.002493751,#DIV/0!,270,263.055649,1954.5629
14-Jun-11,"5,795",5601.934741,2566.653859,180,186.9641216,209.1175256,,0.000124688,#DIV/0!,318,315.2527824,215.6000306
15-Jun-11,"6,358",6320.196737,2471.454241,414,402.6482061,246.8033688,2,1.900006234,1.15462855,"2,628",2512.362639,1338.046857
16-Jun-11,"1,394",1640.309837,3639.996644,,20.1324103,153.7800227,30,28.59500031,16.2645745,720,809.618132,1689.613605
17-Jun-11,355,419.2654918,2971.591624,,1.006620515,131.0792255,,1.429750016,16.2645745,30,68.9809066,1748.253219
20-Jun-11,324,328.7632746,2939.870246,354,336.350331,203.8008227,,0.071487501,16.22353896,216,208.6490453,1131.662917
21-Jun-11,"9,660",9193.438164,5438.537662,498,489.9175166,224.1539214,,0.003574375,#DIV/0!,"1,476",1412.632452,863.2491892
22-Jun-11,"3,690",3965.171908,6254.835089,630,622.9958758,238.2981631,6,5.700178719,3.462037949,"2,838",2766.731623,1104.455477
23-Jun-11,"1,140",1281.258595,6463.781317,12,42.54979379,373.7511106,,0.285008936,3.462037949,342,463.2365811,1781.120858
24-Jun-11,450,491.5629298,3603.721169,,2.12748969,361.9111597,,0.014250447,3.462037949,318,325.2618291,1626.047329
27-Jun-11,716,704.7781465,1705.18417,336,319.3063745,401.9895577,,0.000712522,#DIV/0!,186,192.9630915,1404.731405
28-Jun-11,"8,094",7724.538907,4295.034437,462,454.8653187,209.6284999,,3.56261E-05,#DIV/0!,"1,650",1577.148155,849.2043481
29-Jun-11,"5,305",5425.976945,4490.921959,295,302.9932659,229.0482075,,1.78131E-06,#DIV/0!,936,968.0574077,922.5727372
30-Jun-11,"1,199",1410.348847,5109.536907,24,37.9496633,203.1055828,,8.90653E-08,#DIV/0!,318,350.5028704,992.7406748
01-Jul-11,120,184.5174424,2908.980507,,1.897483165,185.6467637,21,19.95,12.1243556,12,28.92514352,562.2068963
05-Jul-11,"12,099",11503.27587,7336.830125,654,621.3948742,409.5017033,20,19.9975,12.12438997,"1,956",1859.646257,1190.346774
06-Jul-11,"4,782",5118.063794,7932.9575,750,743.5697437,383.7433912,,0.999875,12.12438997,"4,776",4630.182313,2027.586484
07-Jul-11,251,494.3531897,8382.894368,18,54.27848719,568.1045748,,0.04999375,0.028867511,60,288.5091156,3321.912252
08-Jul-11,200,214.7176595,4794.111079,,2.713924359,425.4373167,,0.002499688,#DIV/0!,72,82.82545578,3132.547511
11-Jul-11,"3,617",3446.885883,3432.709275,264,250.9356962,445.2422061,,0.000124984,#DIV/0!,114,112.4412728,2641.616577
12-Jul-11,"6,661",6500.294294,2707.563387,426,417.2467848,181.5837032,,6.24922E-06,#DIV/0!,354,341.9220636,188.1476974
13-Jul-11,"5,620",5664.014715,2749.604379,456,454.0623392,182.9569489,21,19.95000031,12.12435204,"3,996",3813.296103,2114.36421
14-Jul-11,"1,382",1596.100736,3132.68243,12,34.10311696,275.4199423,,0.997500016,12.12435204,324,498.4648052,2920.378028
15-Jul-11,250,317.3050368,2640.868244,,1.705155848,256.2036452,,0.049875001,12.12435204,60,81.92324026,2928.009805
18-Jul-11,"1,983",1899.715252,2764.186253,510,484.5852578,388.9227688,,0.00249375,#DIV/0!,222,214.996162,2031.99903
19-Jul-11,"3,748",3655.585763,1633.267013,366,371.9292629,301.3448257,,0.000124688,#DIV/0!,372,364.1498081,280.7864486
20-Jul-11,"6,542",6397.679288,2200.157825,453,448.9464631,304.9582356,20,19.00000623,11.5469334,"3,642",3478.10749,1896.362622
21-Jul-11,"1,262",1518.783964,3564.76953,32,52.84732316,254.6103434,,0.950000312,11.5469334,636,778.1053745,2506.426877
22-Jul-11,100,170.9391982,3498.549073,,2.642366158,245.2324187,,0.047500016,11.5469334,24,61.70526873,2542.344835
25-Jul-11,"2,053",1958.89696,3262.427652,312,296.5321183,299.747949,,0.002375001,#DIV/0!,444,424.8852634,1711.957862
26-Jul-11,"7,234",6970.244848,3335.75643,294,294.1266059,178.613696,,0.00011875,#DIV/0!,288,294.8442632,494.4902267
27-Jul-11,"3,250",3436.012242,3881.970577,384,379.5063303,185.9980145,15,14.25000594,8.660185477,"5,460",5201.742213,2991.305212
28-Jul-11,"1,297",1403.950612,3926.079774,36,53.17531651,205.0042581,,0.712500297,8.660185477,438,676.1871107,4057.53666
29-Jul-11,611,650.6475306,2519.54796,,2.658765826,204.9990455,,0.035625015,8.660185477,216,239.0093555,4065.457983
01-Aug-11,"2,215",2136.782377,1597.012074,422,401.0329383,312.9662759,,0.001781251,#DIV/0!,294,291.2504678,2763.333495
02-Aug-11,"3,910",3821.339119,1439.938663,438,436.1516469,243.0456983,,8.90625E-05,#DIV/0!,"2,292",2191.962523,1185.719871
03-Aug-11,"5,062",4999.966956,1541.724015,516,512.0075823,247.3791919,21,19.95000445,12.12430423,"1,878",1893.698126,1169.700122
04-Aug-11,790,1000.498348,2732.969199,1,26.55037912,299.372161,,0.997500223,12.12430423,558,624.7849063,1400.673724
05-Aug-11,200,240.0249174,2575.775534,,1.327518956,298.6103976,,0.049875011,12.12430423,66,93.93924532,855.3561679
08-Aug-11,"2,082",1989.901246,2693.046081,288,273.6663759,338.2848211,,0.002493751,#DIV/0!,360,346.6969623,849.9251694
09-Aug-11,"5,476",5301.695062,2322.825459,12,25.0833188,224.0910557,,0.000124688,#DIV/0!,294,296.6348481,358.6111481
10-Aug-11,"6,014",5978.384753,2313.23259,510,485.7541659,358.6059078,20,19.00000623,11.5469334,"5,814",5538.131742,3189.298957
11-Aug-11,"1,323",1555.769238,3382.94103,451,452.7377083,318.7587029,,0.950000312,11.5469334,612,858.3065871,4270.474959
12-Aug-11,200,267.7884619,2829.493226,,22.63688541,280.6849003,,0.047500016,11.5469334,162,196.8153294,4289.247604
15-Aug-11,"2,404",2297.189423,3059.091214,310,295.6318443,167.1181335,,0.002375001,#DIV/0!,390,380.3407665,2874.539796
16-Aug-11,"6,114",5923.159471,2643.832631,462,453.6815922,191.7080444,,0.00011875,#DIV/0!,252,258.4170383,423.7273229
17-Aug-11,"5,613",5628.507974,2531.642524,462,461.5840796,191.7681923,21,19.95000594,12.12428709,"5,694",5422.220852,3141.090777
18-Aug-11,"1,061",1289.375399,3441.23868,,23.07920398,96.17269042,,0.997500297,12.12428709,686,922.8110426,4163.084651
19-Aug-11,150,206.9687699,2723.7538,,1.153960199,4.802634975,,0.049875015,12.12428709,78,120.2405521,4190.905065
22-Aug-11,"2,143",2046.198438,2938.736821,318,302.157698,182.9311464,,0.002493751,#DIV/0!,480,462.0120276,2785.373734
23-Aug-11,"7,288",7025.909922,3292.561153,642,625.0078849,268.2562228,,0.000124688,#DIV/0!,"4,134",3950.400601,2185.301522
24-Aug-11,"3,858",4016.395496,3708.564583,432,441.6503942,290.480204,20,19.00000623,11.5469334,"3,606",3623.22003,2139.434061
25-Aug-11,"1,365",1497.569775,3853.225271,18,39.18251971,332.77845,,0.950000312,11.5469334,756,899.3610015,2697.100798
26-Aug-11,250,312.3784887,2491.450829,,1.959125986,268.782254,,0.047500016,11.5469334,114,153.2680501,1727.845901
29-Aug-11,"2,595",2480.868924,2144.50378,366,347.7979563,322.4931082,,0.002375001,#DIV/0!,312,304.0634025,1718.811453
30-Aug-11,"5,368",5223.643446,2243.681287,492,484.7898978,226.0678271,,0.00011875,#DIV/0!,576,562.4031701,488.5138168
31-Aug-11,"7,188",7089.782172,2408.636093,510,508.7394949,226.5358961,20,19.00000594,11.54693682,"5,586",5334.820159,2906.066669
01-Sep-11,"2,231",2473.939109,3454.56156,,25.43697474,84.51780613,,0.950000297,11.54693682,"1,158",1366.841008,3775.195415
02-Sep-11,"2,948",2924.296955,3038.15704,,1.271848737,14.55505928,,0.047500015,11.54693682,354,404.6420504,3816.988283
06-Sep-11,"5,621",5486.164848,3219.974391,925,878.8135924,533.3146968,,0.002375001,#DIV/0!,132,145.6321025,2486.36329
07-Sep-11,"5,686",5676.008242,1585.021044,342,368.8406796,616.8312926,25,23.75011875,14.43238552,"6,240",5935.281605,3570.317477
08-Sep-11,702,950.7004121,3268.68472,12,29.84203398,650.3275588,,1.187505938,14.43238552,390,667.2640803,4759.75496
09-Sep-11,10,57.03502061,2924.927882,,1.492101699,372.1577191,,0.059375297,14.43238552,210,232.863204,4764.47124
12-Sep-11,"1,960",1864.851751,3122.33625,391,371.5246051,304.987253,25,23.75296876,14.39947639,366,359.3431602,3213.355667
13-Sep-11,"6,410",6182.742588,2896.23696,432,428.9762303,227.5768561,,1.187648438,14.39947639,"5,562",5301.867158,3016.314199
14-Sep-11,"3,208",3356.737129,3323.088011,504,500.2488115,231.6622846,,0.059382422,14.39947639,"3,708",3787.693358,3142.492435
15-Sep-11,"1,302",1404.736856,3353.078722,18,42.11244058,283.9305993,,0.002969121,#DIV/0!,810,958.8846679,3581.187347
16-Sep-11,253,310.5868428,2190.702773,,2.105622029,281.7756094,,0.000148456,#DIV/0!,120,161.9442334,2009.21193
19-Sep-11,"2,748",2626.129342,1956.98964,260,247.1052811,315.7390412,,7.4228E-06,#DIV/0!,522,503.9972117,1798.149547
20-Sep-11,"8,870",8557.806467,3926.550712,434,424.6552641,183.8832475,,3.7114E-07,#DIV/0!,"4,860",4642.199861,2569.573761
21-Sep-11,"3,819",4055.940323,4739.310443,474,471.5327632,186.077089,25,23.75000002,14.43375652,"4,638",4638.209993,2523.51726
22-Sep-11,"1,484",1612.597016,4762.950225,,23.57663816,111.6012827,,1.187500001,14.43375652,522,727.8104997,3460.152339
23-Sep-11,208,278.2298508,3216.833668,,1.178831908,28.48919658,,0.059375,14.43375652,204,230.190525,2395.661341
26-Sep-11,"2,558",2444.011493,2143.604576,498,473.1589416,286.8398351,,0.00296875,#DIV/0!,858,826.6095262,2422.925703
27-Sep-11,"7,802",7534.100575,3458.240668,498,496.7579471,287.1981611,,0.000148438,#DIV/0!,"3,780",3632.330476,1769.278334
28-Sep-11,"4,202",4368.605029,3873.339946,522,520.7378974,287.5676804,25,23.75000742,14.43367103,"5,436",5345.816524,2030.589715
29-Sep-11,"1,313",1465.780251,4047.536583,,26.03689487,20.44699993,,1.187500371,14.43367103,864,1088.090826,3269.170047
30-Sep-11,250,310.7890126,2702.945181,,1.301844743,14.57350605,,0.059375019,14.43367103,138,185.5045413,2842.685097
03-Oct-11,"3,678",3509.639451,2717.410136,445,422.8150922,256.1692494,,0.002968751,#DIV/0!,732,704.6752271,2663.832403
04-Oct-11,"9,481",9182.431973,4019.675703,522,517.0407546,262.4917135,,0.000148438,#DIV/0!,"3,240",3113.233761,1594.699718
05-Oct-11,"4,158",4409.221599,4907.143544,531,530.3020377,262.6154092,23,21.85000742,13.27897049,"4,644",4567.461688,1738.751877
06-Oct-11,754,936.7610799,4975.362914,,26.51510189,57.82878885,,1.092500371,13.27897049,468,672.9730844,2919.85748
07-Oct-11,187,224.488054,3613.295046,,1.325755094,8.059374083,,0.054625019,13.27897049,168,193.2486542,2543.215106
10-Oct-11,"2,474",2361.524403,2515.491377,344,326.8662878,197.8430675,,0.002731251,#DIV/0!,720,693.6624327,2404.027934
11-Oct-11,"4,174",4083.37622,1723.128305,559,547.3933144,238.9642222,,0.000136563,#DIV/0!,486,496.3831216,438.0214919
12-Oct-11,"4,955",4911.418811,1742.134687,540,540.3696657,239.0023428,25,23.75000683,14.43367789,"7,290",6950.319156,3935.895534
13-Oct-11,"1,143",1331.420941,2466.155993,304,315.8184833,191.3211439,,1.187500341,14.43367789,846,1151.215958,5274.437295
14-Oct-11,211,267.021047,2324.940962,,15.79092416,136.5348307,,0.059375017,14.43367789,192,239.9607979,5302.076257
17-Oct-11,"3,022",2884.251052,2771.65609,348,331.3895462,235.3957582,,0.002968751,#DIV/0!,600,581.9980399,3573.627281
18-Oct-11,"5,700",5559.212553,2364.578486,"1,002",968.4694773,432.0807219,,0.000148438,#DIV/0!,"9,684",9228.899902,5288.231058
19-Oct-11,"1,264",1478.760628,3364.877513,24,71.22347387,695.7259624,1,0.950007422,0.577264569,264,712.2449951,7378.922644
20-Oct-11,"1,191",1205.388031,2969.854047,3,6.411173693,669.9242287,22,20.94750037,12.16692087,"1,830",1774.11225,7404.171036
21-Oct-11,250,297.7694016,2545.874005,,0.320558685,546.7104767,,1.047375019,12.16692087,186,265.4056125,5295.938916
24-Oct-11,"2,374",2270.18847,1329.950622,343,325.8660279,201.7288955,,0.052368751,12.15321888,570,554.7702806,1134.938252
25-Oct-11,"4,650",4531.009424,1904.993675,488,479.8933014,218.8733457,,0.002618438,#DIV/0!,438,443.838514,936.0401625
26-Oct-11,"4,078",4100.650471,1842.050846,234,246.2946651,260.8832051,2,1.900130922,1.153188783,"7,116",6782.391926,3856.775507
27-Oct-11,985,1140.782524,2278.595936,24,35.11473325,213.0460503,24,22.89500655,12.81137185,690,994.6195963,5216.915231
28-Oct-11,660,684.0391262,1838.80824,,1.755736663,191.3795825,,1.144750327,12.81137185,510,534.2309798,5223.977872
31-Oct-11,670,670.7019563,1820.130654,498,473.1877868,313.9391061,,0.057237516,12.75936536,,26.71154899,3528.554734
01-Nov-11,"3,154",3029.835098,1460.37873,468,468.2593893,286.5224145,,0.002861876,#DIV/0!,534,508.6355774,405.0505012
02-Nov-11,"5,708",5574.091755,2108.675217,540,536.4129695,289.500718,,0.000143094,#DIV/0!,"7,464",7116.231779,4026.348049
03-Nov-11,"1,237",1453.854588,3273.616823,,26.82064847,41.52761471,25,23.75000715,14.43367411,336,675.0115889,5615.632312
04-Nov-11,275,333.9427294,3020.630744,,1.341032424,41.41946088,,1.187500358,14.43367411,156,181.9505794,5615.989383
07-Nov-11,"2,912",2783.097136,2991.456854,504,478.8670516,290.2102902,,0.059375018,14.43367411,450,436.597529,3929.069716
08-Nov-11,"6,850",6646.654857,2862.153987,504,502.7433526,290.5728267,,0.002968751,#DIV/0!,252,261.2298764,353.6946748
09-Nov-11,"3,708",3854.932743,3256.878391,432,435.5371676,293.4293355,,0.000148438,#DIV/0!,"7,560",7195.061494,4218.134345
10-Nov-11,"1,078",1216.846637,3310.928708,18,38.87685838,244.9309926,31,29.45000742,17.89777264,816,1134.953075,5597.575282
11-Nov-11,200,250.8423319,2407.005395,,1.943842919,244.5007896,,1.472500371,17.89777264,168,216.3476537,5624.336083
14-Nov-11,"2,718",2594.642117,2223.525691,306,290.7971921,298.2098998,,0.073625019,17.89777264,750,723.3173827,3737.744802
15-Nov-11,"5,117",4990.882106,2119.994759,420,413.5398596,190.7384878,,0.003681251,#DIV/0!,"3,600",3456.165869,1779.05274
16-Nov-11,"4,716",4729.744105,2043.258543,759,741.726993,275.9747699,1,0.950184063,0.575224898,"7,338",7143.908293,2806.464201
17-Nov-11,"1,452",1615.887205,2393.146874,72,105.4863496,441.425841,29,27.5975092,16.20478145,876,1189.395415,4569.121487
18-Nov-11,"2,138",2111.89436,1922.825036,,5.274317482,435.07737,,1.37987546,16.20478145,372,412.8697707,4282.656724
21-Nov-11,600,675.594718,2105.709124,42,40.16371587,387.2479916,,0.068993773,16.19456878,276,282.8434885,3650.275924
22-Nov-11,"7,989",7623.329736,4322.203263,"1,322",1257.908186,740.3722116,,0.003449689,#DIV/0!,"6,264",5964.942174,3486.2158
23-Nov-11,150,523.6664868,6099.791765,,62.89540929,740.3722116,,0.000172484,#DIV/0!,156,446.4471087,4814.449631
28-Nov-11,"1,979",1906.233324,6095.204393,327,313.7947705,755.6135463,,8.62422E-06,#DIV/0!,498,495.4223554,4813.893092
29-Nov-11,"4,912",4761.711666,4725.931523,486,477.3897385,182.0310193,29,27.55000043,16.74315283,"3,834",3667.071118,3868.357428
30-Nov-11,"2,404",2521.885583,2360.185956,372,377.2694869,191.931301,,1.377500022,16.74315283,60,240.3535559,2837.823135
01-Dec-11,"1,160",1228.094279,2341.521582,6,24.56347435,243.9963593,,0.068875001,16.74315283,636,616.2176778,2846.846141
02-Dec-11,641,670.354714,1608.126895,,1.228173717,222.8213252,,0.00344375,#DIV/0!,756,749.0108839,2096.587486
05-Dec-11,"1,898",1836.617736,1111.534222,362,343.9614087,298.8853418,,0.000172188,#DIV/0!,444,459.2505442,299.5033921
06-Dec-11,"5,008",4849.430887,1992.440556,504,495.9980704,227.8659411,,8.60938E-06,#DIV/0!,,22.96252721,193.7100384
07-Dec-11,"4,714",4720.771544,1964.952921,582,577.6999035,233.2130594,,4.30469E-07,#DIV/0!,"3,798",3609.248126,2186.621409
08-Dec-11,"1,064",1246.838577,2795.710114,50,76.38499518,322.2193201,38,36.10000002,21.93930998,"6,800",6640.462406,2853.758074
09-Dec-11,121,177.2919289,2210.417167,,3.819249759,308.6872852,,1.805000001,21.93930998,120,446.0231203,4723.989678
12-Dec-11,"2,655",2531.114596,2631.762902,684,649.9909625,497.0288527,,0.09025,21.93930998,"3,870",3698.801156,4633.96681
13-Dec-11,"8,036",7760.75573,3545.434298,510,516.9995481,400.9336282,,0.0045125,#DIV/0!,444,606.7400578,4648.791177
14-Dec-11,"5,234",5360.337786,3778.328339,570,567.3499774,402.0996437,5,4.750225625,2.884146053,"3,780",3621.337003,3285.672275
15-Dec-11,882,1105.916889,4349.090601,,28.36749887,86.42244592,30,28.73751128,14.86052939,702,847.9668501,3119.072392
16-Dec-11,"3,188",3083.895844,3202.867149,,1.418374944,30.59982516,,1.436875564,14.86052939,744,749.1983425,2490.175115
19-Dec-11,"1,010",1113.694792,3092.551448,360,342.0709187,207.0271978,36,34.27184378,24.71275431,600,607.4599171,1688.746852
20-Dec-11,"5,582",5358.58474,3087.710343,588,575.7035459,251.0391037,,1.713592189,19.9550292,522,526.2729959,116.0066791
21-Dec-11,"7,427",7323.579237,3084.64677,648,644.3851773,254.4855412,,0.085679609,19.9550292,"6,606",6302.01365,3511.535466
22-Dec-11,"2,580",2817.178962,3947.388888,88,115.8192589,353.681757,,0.00428398,#DIV/0!,"4,188",4293.700682,3716.604075
23-Dec-11,"1,420",1489.858948,3094.726413,,5.790962943,323.929644,,0.000214199,#DIV/0!,"1,074",1234.985034,4155.261991
27-Dec-11,"5,287",5097.142947,3599.626518,362,344.1895481,381.4224882,5,4.75001071,2.886627678,324,369.5492517,2285.127271
28-Dec-11,"3,129",3227.407147,2597.689735,24,40.00947741,276.5298205,,0.237500535,2.886627678,"6,090",5803.977463,3826.221939
29-Dec-11,,161.3703574,2469.268909,2,3.90047387,277.399198,6,5.711875027,4.404704233,102,387.0988731,4692.760292
30-Dec-11,52,57.46851787,1138.061003,,0.195023694,186.15949,,0.285593751,3.326980617,90,104.8549437,4666.34659
03-Jan-12,"1,147",1092.523426,632.2026905,"1,164",1105.809751,672.2813754,62,58.91427969,35.78581813,558,535.3427472,3306.869374
04-Jan-12,"5,100",4899.626171,2398.534915,510,539.7904876,754.8578856,,2.945713984,35.63082906,"10,092",9614.167137,5526.400457
05-Jan-12,776,982.1813086,3378.916993,36,61.18952438,808.957382,,0.147285699,35.63082906,642,1090.608357,7572.64422
06-Jan-12,156,197.3090654,3353.939815,,3.059476219,450.4790469,,0.007364285,#DIV/0!,258,299.6304178,7583.374747
09-Jan-12,"5,823",5541.715453,4055.254486,354,336.4529738,354.4780701,,0.000368214,#DIV/0!,402,396.8815209,5202.675573
10-Jan-12,"2,010",2186.585773,3864.539131,42,56.72264869,264.4880621,,1.84107E-05,#DIV/0!,132,145.244076,507.8971114
11-Jan-12,"3,920",3833.329289,3963.421814,"1,098",1045.936132,656.7902576,,9.20536E-07,#DIV/0!,"6,306",5997.962204,3560.690724
12-Jan-12,"1,303",1429.516464,2700.636051,24,75.09680662,859.3242568,,4.60268E-08,#DIV/0!,876,1132.09811,4628.159195
13-Jan-12,357,410.6258232,1875.951559,,3.754840331,842.3403867,,2.30134E-09,#DIV/0!,174,221.9049055,4658.589284
16-Jan-12,"1,992",1912.931291,1830.628504,222,211.087742,603.319818,,1.15067E-10,#DIV/0!,420,410.0952453,3010.630636
17-Jan-12,"3,351",3279.096565,1380.709656,390,381.0543871,162.9320367,,5.75335E-12,#DIV/0!,138,151.6047623,586.2961361
18-Jan-12,"4,976",4891.154828,1575.676275,396,395.2527194,163.1603681,2,1.9,1.154700538,"13,200",12547.58024,7536.000172
19-Jan-12,,244.5577414,1284.201812,,19.76263597,103.6548237,23,21.945,12.23669345,72,695.7790119,10423.92691
20-Jan-12,850,819.7278871,1040.198955,,0.988131798,8.628853631,,1.09725,12.23669345,528,536.3889506,10423.19321
23-Jan-12,"1,944",1887.786394,737.2354017,456,433.2494066,262.7012246,,0.0548625,12.18209068,516,517.0194475,7203.440562
24-Jan-12,"6,034",5826.68932,2504.771139,432,432.0624703,262.702215,,0.002743125,#DIV/0!,"3,690",3531.350972,1834.518201
25-Jan-12,"2,227",2406.984466,3235.884127,396,397.8031235,263.5260031,,0.000137156,#DIV/0!,"10,836",10470.76755,4598.047365
26-Jan-12,"2,254",2261.649223,3171.343286,12,31.29015618,223.7156774,26,24.70000686,15.01102781,"1,164",1629.338377,7072.048859
27-Jan-12,64,173.8824612,2436.584327,,1.564507809,223.7145144,,1.235000343,15.01102781,156,229.6669189,6883.423218
30-Jan-12,"2,057",1962.844123,1673.240172,393,373.4282254,317.3146675,,0.061750017,15.01102781,456,444.6833459,5441.748336
31-Jan-12,"4,465",4339.892206,2208.813996,504,497.4714113,238.2370898,,0.003087501,#DIV/0!,"3,456",3305.434167,1939.929606
01-Feb-12,"3,714",3745.29461,1843.787474,546,543.5735706,239.8789673,3,2.850154375,1.730268238,"5,082",4993.171708,2022.823177
02-Feb-12,789,936.8147305,2265.112426,24,49.97867853,310.5697493,26,24.84250772,13.47710203,744,956.4585854,3176.983599
03-Feb-12,226,261.5407365,1792.268252,,2.498933926,301.2815511,,1.242125386,13.47710203,168,207.4229293,2697.734439
06-Feb-12,"2,488",2376.677037,2175.780033,240,228.1249467,329.8299823,,0.062106269,13.3655696,624,603.1711465,2506.701924
07-Feb-12,"5,010",4878.333852,2032.795141,450,438.9062473,187.6479822,,0.003105313,#DIV/0!,"3,906",3740.858557,1975.169346
08-Feb-12,"3,292",3371.316693,2191.496123,444,443.7453124,187.671026,1,0.950155266,0.575557416,"6,366",6234.742928,2447.691599
09-Feb-12,992,1110.965835,2244.399908,42,62.08726562,264.9866548,28,26.64750776,15.62783733,"1,014",1275.037146,3875.401173
10-Feb-12,255,297.7982917,1723.395923,,3.104363281,231.9664073,,1.332375388,15.62783733,96,154.9518573,3441.785046
13-Feb-12,"4,580",4365.889915,2871.183084,716,680.3552182,472.4473462,,0.066618769,15.61723514,648,623.3475929,3103.190927
14-Feb-12,"3,958",3978.394496,2532.21268,866,856.7177609,425.3172047,,0.003330938,#DIV/0!,"4,212",4032.56738,2199.367421
15-Feb-12,"3,469",3494.469725,2500.873741,13,55.18588805,646.669373,,0.000166547,#DIV/0!,"3,750",3764.128369,2097.7263
16-Feb-12,"2,595",2639.973486,641.5872818,,2.759294402,498.7730429,36,34.20000833,20.78451353,"1,344",1465.006418,2504.349
17-Feb-12,130,255.4986743,1567.215731,,0.13796472,487.1206764,,1.710000416,20.78451353,264,324.0503209,1568.362422
20-Feb-12,,12.77493372,1539.37354,6,5.706898236,3.384447647,,0.085500021,20.78451353,,16.20251605,1559.854453
21-Feb-12,"6,898",6553.738747,4231.086981,770,731.7853449,441.277807,,0.004275001,#DIV/0!,"3,390",3221.310126,2067.601338
22-Feb-12,"2,958",3137.786937,4484.627868,522,532.4892672,457.5981497,2,1.90021375,1.152232365,"7,236",7035.265506,3027.6638
23-Feb-12,"1,144",1243.689347,4630.005317,6,32.32446336,549.3465163,27,25.74501069,14.53710411,846,1155.463275,4683.561741
24-Feb-12,50,109.6844673,2471.802159,,1.616223168,327.2108594,,1.287250534,14.53710411,18,74.87316377,4309.623533
27-Feb-12,"2,220",2114.484223,1812.320084,408,387.6808112,383.9872926,29,27.61436253,21.58700035,666,636.4436582,3649.212753
28-Feb-12,"4,692",4563.124211,2043.029897,264,270.1840406,245.2513793,,1.380718126,15.99996336,"3,396",3258.022183,1756.739863
29-Feb-12,"3,782",3821.056211,1975.447144,390,384.009202,254.8205782,,0.069035906,15.99996336,"3,762",3736.801109,1655.151129
01-Mar-12,"1,360",1483.052811,2106.382387,216,224.4004601,138.900323,,0.003451795,#DIV/0!,726,876.5400555,2375.855506
02-Mar-12,250,311.6526405,1652.006047,,11.22002301,119.1399123,,0.00017259,#DIV/0!,102,140.7270028,1818.316919
05-Mar-12,"2,340",2238.582632,1974.116673,372,353.9610012,229.774733,,8.62949E-06,#DIV/0!,330,320.5363501,1798.208357
06-Mar-12,"5,103",4959.779132,2147.828291,480,473.6980501,220.6415049,,4.31474E-07,#DIV/0!,"3,666",3498.726818,1985.603485
07-Mar-12,"3,582",3650.888957,2176.95163,534,530.9849025,223.3713994,39,37.05000002,22.51666025,"4,578",4524.036341,2032.468278
08-Mar-12,"1,531",1636.994448,2205.832525,24,49.34924513,303.6202923,,1.852500001,22.51666025,"1,392",1548.601817,2718.247553
09-Mar-12,255,324.0997224,1663.541722,,2.467462256,294.771107,,0.092625,22.51666025,66,140.1300909,2095.438728
12-Mar-12,"2,824",2699.004986,2053.723386,270,256.6233731,330.9619062,,0.00463125,#DIV/0!,792,759.4065045,2035.738536
13-Mar-12,"6,267",6088.600249,2638.812768,550,535.3311687,229.2331447,,0.000231563,#DIV/0!,"3,438",3304.070325,1807.199089
14-Mar-12,"3,252",3393.830012,3001.465797,546,545.4665584,229.3158869,2,1.900011578,1.154566846,"2,730",2758.703516,1625.76692
15-Mar-12,"1,361",1462.641501,2881.509284,24,50.07332792,345.5001402,32,30.49500058,17.41654746,738,839.0351758,1965.338186
16-Mar-12,200,263.132075,2142.658971,,2.503666396,301.1318623,,1.524750029,17.41654746,204,235.7517588,1267.026587
19-Mar-12,"2,906",2773.856604,2058.430817,278,264.2251833,340.5023746,,0.076237501,17.37823642,516,501.9875879,1233.56549
20-Mar-12,"5,886",5730.39283,2467.417742,456,446.4112592,193.8004215,,0.003811875,#DIV/0!,"4,062",3883.999379,2094.078725
21-Mar-12,"3,892",3983.919642,2585.206348,408,409.920563,195.0651472,3,2.850190594,1.72985002,"2,754",2810.499969,2162.492855
22-Mar-12,707,870.8459821,2816.81422,18,37.59602815,252.8864915,38,36.24250953,20.36734514,660,767.5249984,2488.321863
23-Mar-12,50,91.0422991,2220.486333,,1.879801407,227.3595922,,1.812125476,20.36734514,144,175.1762499,1448.025338
26-Mar-12,"1,100",1049.552115,2035.516814,450,427.5939901,343.7118173,,0.090606274,20.29375192,432,419.1588125,1301.203543
27-Mar-12,"8,160",7804.477606,4173.338108,465,463.1296995,259.6221113,,0.004530314,#DIV/0!,"3,648",3486.557941,1904.394679
28-Mar-12,"2,041",2329.17388,5316.456805,480,479.156485,259.804753,,0.000226516,#DIV/0!,"1,956",2032.527897,2068.331168
29-Mar-12,"3,582",3519.358694,5333.720294,31,53.40782425,259.8256156,44,41.80001133,25.40328107,768,831.2263949,2188.382494
30-Mar-12,705,845.7179347,3773.056332,,2.670391212,258.9265289,,2.090000566,25.40328107,384,406.3613197,1174.968065
02-Apr-12,"1,938",1883.385897,1887.0849,324,307.9335196,318.3797274,,0.104500028,25.40328107,570,561.818066,780.1324392
03-Apr-12,"9,366",8991.869295,4658.440683,470,461.896676,207.7805425,,0.005225001,#DIV/0!,252,267.4909033,328.0123473
04-Apr-12,"5,004",5203.393465,4935.777394,482,480.9948338,208.1044651,3,2.85026125,1.729034152,"7,212",6864.774545,4014.514144
05-Apr-12,"1,306",1500.869673,5387.711052,234,246.3497417,170.9543171,35,33.39251306,18.64201687,768,1072.838727,5338.316017
06-Apr-12,"1,108",1127.643484,3227.337598,,12.31748708,143.0740968,,1.669625653,18.64201687,12,65.04193636,5370.358314
09-Apr-12,"1,914",1874.682174,2306.684415,348,331.2158744,240.6167058,,0.083481283,18.56166032,786,749.9520968,3597.027439
10-Apr-12,"5,248",5079.334109,2012.624845,498,489.6607937,216.4098689,,0.004174064,#DIV/0!,"3,828",3674.097605,1925.230569
11-Apr-12,"2,517",2645.116705,2487.514543,420,423.4830397,220.1153639,3,2.850208703,1.729640911,"4,704",4652.50488,1919.623085
12-Apr-12,"1,043",1123.105835,2614.804465,30,49.67415198,249.9989822,35,33.39251044,18.64210336,864,1053.425244,2880.268915
13-Apr-12,200,246.1552918,1824.32256,,2.483707599,230.7101563,,1.669625522,18.64210336,78,126.7712622,2335.588618
16-Apr-12,"2,140",2045.307765,1528.130677,300,285.1241854,284.8068625,,0.083481276,18.56169066,906,867.0385631,2302.99957
17-Apr-12,"2,196",2188.465388,1219.49174,264,265.0562093,172.203538,,0.004174064,#DIV/0!,"3,828",3679.951928,1855.257795
18-Apr-12,"3,175",3125.673269,1235.935067,384,378.0528105,185.3912986,38,36.1002087,21.93690033,"4,518",4476.097596,1832.740628
19-Apr-12,"1,100",1201.283663,1303.75239,12,30.30264052,222.5522535,,1.805010435,21.93690033,720,907.8048798,2803.443499
20-Apr-12,100,155.0641832,1447.921319,,1.515132026,222.2178251,,0.090250522,21.93690033,84,125.190244,2272.241786
23-Apr-12,"1,434",1370.053209,1522.263088,350,332.5757566,291.7969404,39,37.05451253,22.46455434,444,428.0595122,2227.746492
24-Apr-12,"4,741",4572.45266,2176.52512,450,444.1287878,212.3127851,,1.852725626,22.46455434,"3,402",3253.302976,1791.146389
25-Apr-12,"3,398",3456.722633,2189.238691,12,33.60643939,327.6000842,,0.092636281,22.46455434,"4,788",4711.265149,1940.898129
26-Apr-12,289,447.3861317,2755.424226,445,424.430322,351.0785306,,0.004631814,#DIV/0!,"1,470",1632.063257,2689.821354
27-Apr-12,,22.36930658,1950.538877,,21.2215161,344.4705846,,0.000231591,#DIV/0!,30,110.1031629,2267.722896
30-Apr-12,550,523.6184653,1854.082058,,1.061075805,237.518183,,1.15795E-05,#DIV/0!,210,205.0051581,2088.251727
01-May-12,"4,820",4605.180923,2499.152419,716,680.2530538,412.7701803,1,0.950000579,0.577343584,"3,642",3470.150258,2190.092814
02-May-12,"3,622",3671.159046,2562.80661,577,582.1626527,417.0526979,37,35.19750003,20.82148278,"4,566",4511.207513,2083.570619
03-May-12,"1,029",1161.107952,2966.847005,224,241.9081326,465.503077,,1.759875001,20.82148278,948,1126.160376,2927.47149
04-May-12,312,354.4553976,1699.866021,,12.09540663,215.2066285,,0.08799375,20.81347687,432,466.7080188,2189.306821
07-May-12,"2,192",2100.12277,1921.679726,432,411.0047703,318.6431407,,0.004399688,#DIV/0!,636,627.5354009,2098.171123
08-May-12,"4,551",4428.456138,1835.243279,486,482.2502385,246.2682494,7,6.650219984,4.038911724,312,327.77677,450.9549095
09-May-12,"5,530",5474.922807,1879.429722,510,508.6125119,246.7888445,39,37.382511,19.10886959,"7,044",6708.188839,3883.120602
10-May-12,"1,485",1684.49614,2777.269767,32,55.8306256,279.0184105,,1.86912555,19.10886959,570,876.9094419,5256.252762
11-May-12,206,279.924807,2537.638911,,2.79153128,275.6383717,,0.093456277,18.6771542,186,220.5454721,5268.218312
14-May-12,"1,878",1798.09624,2624.200143,276,262.3395766,317.1762675,,0.004672814,#DIV/0!,600,581.0272736,3572.98679
15-May-12,"4,892",4737.304812,2184.188303,432,423.5169788,185.6767143,3,2.850233641,1.729352957,"3,474",3329.351364,1731.149213
16-May-12,"4,950",4939.365241,2014.226406,900,876.1758489,331.8953631,35,33.39251168,18.64206231,"6,396",6242.667568,2443.877438
17-May-12,"1,349",1528.518262,2739.111917,18,60.90879245,575.1192678,,1.669625584,18.64206231,"1,350",1594.633378,3728.798778
18-May-12,229,293.9759131,2207.918289,,3.045439622,566.7162303,,0.083481279,18.56167626,492,547.1316689,3394.030552
21-May-12,"2,072",1983.098796,2431.792201,405,384.902272,547.1237692,,0.004174064,#DIV/0!,612,608.7565834,2895.870865
22-May-12,"7,720",7433.15494,3547.870384,480,475.2451136,238.4750486,3,2.850208703,1.729640911,"3,714",3558.737829,1902.852678
23-May-12,"1,314",1619.957747,4950.335418,594,588.0622557,248.1355608,36,34.34251044,19.21703789,"4,728",4669.536891,1916.065291
24-May-12,"1,364",1376.797887,4844.9839,24,52.20311278,337.2993375,,1.717125522,19.21703789,210,432.9768446,3209.214857
25-May-12,"1,088",1102.439894,3539.914112,,2.610155639,332.8007168,,0.085856276,19.13904093,"1,152",1116.048842,2693.921405
29-May-12,"4,497",4327.271995,1972.47365,,0.130507782,325.6614952,,0.004292814,#DIV/0!,"4,536",4365.002442,3271.112426
30-May-12,"5,332",5281.7636,2050.684511,,0.006525389,#DIV/0!,41,38.95021464,23.66888258,"2,190",2298.750122,2376.530794
31-May-12,,264.08818,2043.894703,,0.000326269,#DIV/0!,,1.947510732,23.66888258,840,912.9375061,2486.942799
01-Jun-12,463,453.054409,591.3386725,,1.63135E-05,#DIV/0!,,0.097375537,23.66888258,114,153.9468753,1580.810834
04-Jun-12,"1,397",1349.80272,556.9557705,698,663.1000008,402.9904785,,0.004868777,#DIV/0!,624,600.4973438,997.8648869
05-Jun-12,"4,046",3911.190136,1653.287529,840,831.155,415.7313183,3,2.850243439,1.729239818,"3,852",3689.424867,1952.051963
06-Jun-12,"3,170",3207.059507,1703.904914,954,947.85775,421.7378652,38,36.24251217,20.36726293,"3,714",3712.771243,1896.82396
07-Jun-12,"1,233",1331.702975,1976.170836,46,91.0928875,535.3291526,,1.812125609,20.36726293,996,1131.838562,2446.338723
08-Jun-12,158,216.6851488,1393.299732,,4.554644375,525.4960499,,0.09060628,20.29372141,192,238.9919281,1659.793807
11-Jun-12,"2,654",2532.134257,1933.476428,252,239.6277322,539.9310466,,0.004530314,#DIV/0!,210,211.4495964,1659.817565
12-Jun-12,"5,506",5357.306713,2321.060089,480,467.9813866,199.1716438,,0.000226516,#DIV/0!,"4,362",4154.47248,2457.044682
13-Jun-12,"2,990",3108.365336,2606.94727,612,604.7990693,215.8312552,43,40.85001133,24.8259308,"4,542",4522.623624,2406.801942
14-Jun-12,"1,196",1291.618267,2456.634534,6,35.93995347,381.6981851,,2.042500566,24.8259308,"1,032",1206.531181,3139.0922
15-Jun-12,307,356.2309133,1846.686707,,1.796997673,355.5754427,,0.102125028,24.8259308,168,219.9265591,2114.48795
18-Jun-12,"1,588",1526.411546,1431.068295,342,324.9898499,397.6172398,,0.005106251,#DIV/0!,438,427.096328,2106.383656
19-Jun-12,"4,639",4483.370577,2014.52518,540,529.2494925,232.3556523,,0.000255313,#DIV/0!,"4,026",3846.054816,2166.272581
20-Jun-12,"3,559",3605.218529,2004.987359,588,585.0624746,234.8184189,42,39.90001277,24.2485639,"4,632",4592.702741,2130.522119
21-Jun-12,"1,015",1144.510926,2398.047809,30,57.75312373,345.3381616,,1.995000638,24.2485639,"1,032",1210.035137,2957.950951
22-Jun-12,207,253.8755463,1677.559709,,2.887656187,322.2555781,,0.099750032,24.2485639,120,174.5017569,2197.308235
25-Jun-12,"5,036",4796.893777,3186.265999,338,321.2443828,374.3414812,,0.004987502,#DIV/0!,708,681.3250878,2171.896328
26-Jun-12,"7,454",7321.144689,3204.572489,492,483.4622191,217.1464665,,0.000249375,#DIV/0!,702,700.9662544,700.7673003
27-Jun-12,"5,668",5750.657234,3299.586597,388,392.773111,224.0318423,42,39.90001247,24.24856733,"9,720",9269.048313,5216.2572
28-Jun-12,"1,219",1445.582862,3179.571152,31,49.08865555,237.45196,,1.995000623,24.24856733,678,1107.552416,7191.418689
29-Jun-12,52,121.6791431,2898.900817,,2.454432777,216.0191497,,0.099750031,24.24856733,54,106.6776208,7217.087444
02-Jul-12,"6,959",6617.133957,4803.712002,391,371.5727216,306.5112514,8,7.604987502,4.561211446,426,410.033881,5000.60165
03-Jul-12,"4,963",5045.706698,4140.337701,480,474.5786361,232.8977834,33,31.73024938,15.35491897,"4,560",4352.501694,2478.854457
05-Jul-12,"2,176",2319.485335,4386.355062,480,479.7289318,232.9188154,,1.586512469,15.35491897,"6,894",6766.925085,2815.634873
06-Jul-12,50,163.4742667,2318.184589,,23.98644659,62.67872015,,0.079325623,14.6618173,282,606.2462542,4681.014341
09-Jul-12,"1,432",1368.573713,2235.690628,111,106.6493223,50.33471189,,0.003966281,#DIV/0!,618,617.4123127,4021.343272
10-Jul-12,"3,352",3252.828686,1888.006096,546,524.0324661,258.5861407,,0.000198314,#DIV/0!,330,344.3706156,3747.754765
11-Jul-12,"4,383",4326.491434,1507.804648,578,575.3016233,260.4565678,40,38.00000992,23.09389627,"6,384",6082.018531,3490.934311
12-Jul-12,982,1149.224572,2337.868687,,28.76508117,255.5657206,,1.900000496,23.09389627,996,1250.300927,4561.699736
13-Jul-12,256,300.6612286,2102.439875,,1.438254058,31.15817022,,0.095000025,23.09389627,162,216.4150463,4601.778877
16-Jul-12,"1,683",1613.883061,2152.079116,368,349.6719127,211.6345227,,0.004750001,#DIV/0!,570,552.3207523,3009.817587
17-Jul-12,50,128.1941531,1310.781045,"1,213",1169.833596,541.5111264,,0.0002375,#DIV/0!,48,73.21603762,721.9789118
18-Jul-12,"4,453",4236.759708,2772.516085,12,69.89167978,860.2870713,42,39.90001188,24.24857419,"4,872",4632.060802,2793.306837
19-Jul-12,"1,163",1316.687985,3193.62253,24,26.29458399,834.2701536,,1.995000594,24.24857419,"3,942",3976.50304,2814.1814
20-Jul-12,"1,300",1300.834399,3063.343644,,1.314729199,669.0004189,,0.09975003,24.24857419,"2,220",2307.825152,2977.124696
23-Jul-12,"1,937",1905.19172,1812.271494,258,245.1657365,150.5471958,,0.004987501,#DIV/0!,588,673.9912576,1474.142168
24-Jul-12,"4,333",4211.609586,1449.050057,482,470.1582868,201.6414281,,0.000249375,#DIV/0!,"3,654",3504.999563,2230.36272
25-Jul-12,"2,844",2912.380479,1650.183393,396,399.7079143,206.1368867,55,52.25001247,31.75412083,"6,432",6285.649978,2608.037718
26-Jul-12,"2,085",2126.369024,1678.210106,28,46.58539572,258.0417883,,2.612500623,31.75412083,"3,018",3181.382499,3061.879599
27-Jul-12,50,153.8184512,1512.858526,,2.329269786,218.8349645,,0.130625031,31.75412083,42,198.9691249,3114.513895
30-Jul-12,"2,206",2103.390923,1751.886211,463,439.9664635,341.752491,,0.006531252,#DIV/0!,960,921.9484562,2652.824083
31-Jul-12,"3,282",3223.069546,1817.679545,,21.99832317,265.9683701,,0.000326563,#DIV/0!,564,581.8974228,1876.434346
01-Aug-12,"3,892",3858.553477,1419.863423,915,870.3499162,580.1349028,54,51.30001633,31.176726,"2,532",2434.494871,1226.131471
02-Aug-12,"1,030",1171.427674,1810.828731,,43.51749581,515.5747585,,2.565000816,31.176726,"6,276",6083.924744,2495.875853
03-Aug-12,102,155.4713837,1788.095661,,2.17587479,515.5747585,,0.128250041,31.176726,144,440.9962372,4236.459515
06-Aug-12,"1,651",1576.223569,1947.733398,228,216.7087937,130.3796195,,0.006412502,#DIV/0!,222,232.9498119,4086.066852
07-Aug-12,"2,610",2558.311178,1217.781467,270,267.3354397,133.9608005,,0.000320625,#DIV/0!,426,416.3474906,3433.556644
08-Aug-12,"2,641",2636.865559,1050.735773,666,646.066772,266.3143004,70,66.50001603,40.41433373,"5,478",5224.917375,2927.203094
09-Aug-12,"1,002",1083.743278,1117.783006,24,55.1033386,427.6838603,,3.325000802,40.41433373,798,1019.345869,3883.949534
10-Aug-12,113,161.5371639,1098.781954,,2.75516693,426.5757066,,0.16625004,40.41433373,138,182.0672934,3915.554201
13-Aug-12,"2,038",1944.176858,1542.318675,294,279.4377583,396.5646738,,0.008312502,#DIV/0!,342,334.0033647,2607.67754
14-Aug-12,"4,156",4045.408843,1765.938551,440,431.9718879,192.0102308,,0.000415625,#DIV/0!,648,632.3001682,548.0093971
15-Aug-12,"3,483",3511.120442,1705.830989,528,523.1985944,199.8542674,52,49.40002078,30.02197404,"3,666",3514.315008,1763.283587
16-Aug-12,"1,317",1426.706022,1827.806503,12,37.55992972,314.2852392,,2.470001039,30.02197404,"1,206",1321.41575,2208.336232
17-Aug-12,200,261.3353011,1487.198248,,1.877996486,300.3028478,,0.123500052,30.02197404,192,248.4707875,2295.447145
20-Aug-12,"2,657",2537.216765,2004.842598,360,342.0938998,360.3587899,,0.006175003,#DIV/0!,750,724.9235394,1511.669019
21-Aug-12,"3,510",3461.360838,1652.30387,164,172.904695,230.9175946,,0.00030875,#DIV/0!,"2,556",2464.446177,1275.402223
22-Aug-12,"3,524",3520.868042,1493.255977,493,476.9952347,295.7644394,52,49.40001544,30.02203574,"6,978",6752.322309,2827.044432
23-Aug-12,992,1118.443402,1564.758177,12,35.24976174,341.7596669,,2.470000772,30.02203574,"1,542",1802.516115,4117.94721
24-Aug-12,464,496.7221701,1508.574758,,1.762488087,325.9251308,,0.123500039,30.02203574,"1,722",1726.025806,3980.205586
27-Aug-12,"2,898",2777.936109,2048.544602,435,413.3381244,366.9311062,,0.006175002,#DIV/0!,"1,338",1357.40129,3016.869538
28-Aug-12,"4,814",4712.196805,1856.518925,138,151.7669062,296.3701652,,0.00030875,#DIV/0!,516,558.0700645,536.9677216
29-Aug-12,"2,961",3048.55984,2079.934425,492,474.9883453,355.5579571,52,49.40001544,30.02203574,"3,720",3561.903503,1902.307465
30-Aug-12,"2,180",2223.427992,1629.585082,42,63.64941727,355.4567709,,2.470000772,30.02203574,"1,470",1574.595175,2242.157987
31-Aug-12,137,241.3213996,1650.683516,,3.182470863,317.9294813,,0.123500039,30.02203574,78,152.8297588,2353.271361
04-Sep-12,"5,148",4902.66607,3118.924646,702,667.0591235,474.631382,,0.006175002,#DIV/0!,"2,856",2720.841488,2154.297004
05-Sep-12,"3,374",3450.433303,3202.368738,800,793.3529562,410.6982735,53,50.35030875,30.59599913,"3,708",3658.642074,1872.734934
06-Sep-12,889,1017.071665,3315.280552,4,43.46764781,613.4865674,,2.517515438,30.59599913,378,542.0321037,2519.538562
07-Sep-12,60,107.8535833,1808.65942,,2.17338239,462.1512617,,0.125875772,30.59599913,162,181.0016052,1990.10207
10-Sep-12,"2,266",2158.092679,2011.178982,144,136.9086691,463.0309129,,0.006293789,#DIV/0!,810,778.5500803,1941.01999
11-Sep-12,"3,073",3027.254634,1461.80682,492,474.2454335,220.759781,,0.000314689,#DIV/0!,"3,600",3458.927504,1683.314491
12-Sep-12,"4,458",4386.462732,1585.526586,464,464.5122717,220.839015,53,50.35001573,30.59938258,"6,528",6374.546375,2434.161362
13-Sep-12,"1,220",1378.323137,2074.493829,12,34.62561358,332.1456398,,2.517500787,30.59938258,732,1014.127319,4050.436817
14-Sep-12,250,306.4161568,2109.236168,,1.731280679,261.325037,,0.125875039,30.59938258,126,170.4063659,3743.719439
17-Sep-12,"1,640",1573.320808,2087.905266,516,490.286564,395.4911173,,0.006293752,#DIV/0!,648,624.1203183,3309.340086
18-Sep-12,"5,618",5415.76604,2543.684253,456,457.7143282,297.5723353,8,7.600314688,4.615168454,246,264.9060159,621.7825956
19-Sep-12,"3,942",4015.688302,2601.913525,516,513.0857164,299.4690322,51,48.83001573,25.47830466,"3,888",3706.845301,2121.153827
20-Sep-12,"1,311",1446.234415,2935.231673,6,31.35428582,295.3578123,,2.441500787,25.47830466,660,812.342265,2741.839485
21-Sep-12,150,214.8117208,1929.382355,,1.567714291,294.6937073,,0.122075039,25.05682,126,160.3171133,2761.710944
24-Sep-12,"5,476",5212.940586,3496.458426,360,342.0783857,358.5199331,,0.006103752,#DIV/0!,354,344.3158557,1806.640072
25-Sep-12,"5,724",5698.447029,3142.266034,456,450.3039193,217.141918,8,7.600305188,4.615278151,552,541.6157928,428.8400903
26-Sep-12,"3,058",3190.022351,3411.414386,504,501.315196,219.3437992,56,53.58001526,28.32215173,"2,724",2614.88079,1270.62276
27-Sep-12,"2,304",2348.301118,1634.847378,24,47.8657598,285.0094733,,2.679000763,28.32215173,576,677.9440395,1728.483768
28-Sep-12,210,316.9150559,2027.25823,,2.39328799,277.3163449,,0.133950038,27.94357683,102,130.797202,1756.089143
01-Oct-12,"3,194",3050.145753,2131.899392,541,514.0696644,415.5025016,,0.006697502,#DIV/0!,474,456.8398601,1239.157586
02-Oct-12,"7,383",7166.357288,3246.720159,462,464.6034832,312.4144897,,0.000334875,#DIV/0!,234,245.141993,407.9041147
03-Oct-12,"2,484",2718.117864,4040.450201,374,378.5301742,316.7635455,62,58.90001674,35.79552335,"2,856",2725.4571,1525.781253
04-Oct-12,"1,162",1239.805893,3791.200272,48,64.52650871,200.1419806,,2.945000837,35.79552335,828,922.872855,1867.849082
05-Oct-12,326,371.6902947,2897.183333,,3.226325435,197.8713279,,0.147250042,35.79552335,84,125.9436427,1925.325137
08-Oct-12,"1,290",1244.084515,1169.021918,337,320.3113163,271.2041432,,0.007362502,#DIV/0!,264,257.0971821,1200.43196
09-Oct-12,"3,434",3324.504226,1469.020508,553,541.3655658,234.9105428,,0.000368125,#DIV/0!,"2,316",2213.054859,1286.05962
10-Oct-12,"3,329",3328.775211,1371.014559,358,367.1682783,257.6637473,62,58.90001841,35.79550415,"2,790",2761.152743,1237.06724
11-Oct-12,"1,000",1116.438761,1845.620404,37,53.50841391,256.1106833,,2.94500092,35.79550415,708,810.6576371,1711.469417
12-Oct-12,251,294.271938,1434.36379,,2.675420696,218.0474128,,0.147250046,35.79550415,252,279.9328819,1272.844614
15-Oct-12,"1,809",1733.263597,1679.938425,979,930.183771,595.0408323,,0.007362502,#DIV/0!,474,464.2966441,1233.585099
16-Oct-12,"2,265",2238.41318,1052.952825,469,492.0591886,623.4046719,10,9.500368125,5.769251949,426,427.9148322,342.1632334
17-Oct-12,"4,410",4301.420659,1559.159391,36,58.80295943,676.7299162,52,49.87501841,25.20629229,"4,848",4626.995742,2554.491572
18-Oct-12,884,1054.871033,2357.774154,6,8.640147971,375.707602,,2.49375092,25.20629229,558,761.4497871,3468.685912
19-Oct-12,200,242.7435516,2389.236821,,0.432007399,265.0648575,,0.124687546,24.5371739,600,608.0724894,3469.867686
22-Oct-12,"1,848",1767.737178,2235.055309,458,435.1216004,265.9302041,,0.006234377,#DIV/0!,"1,542",1495.303624,2412.12306
23-Oct-12,"5,001",4839.336859,2141.778173,534,529.05608,270.274802,,0.000311719,#DIV/0!,"2,526",2474.465181,808.4185482
24-Oct-12,"2,819",2920.016843,2388.346553,476,478.652804,272.0051185,62,58.90001559,35.79553672,"1,152",1218.123259,1108.071864
25-Oct-12,"1,720",1780.000842,2307.653204,6,29.6326402,280.4713644,,2.945000779,35.79553672,858,876.006163,990.1073908
26-Oct-12,50,136.5000421,1684.706143,,1.48163201,274.6000854,,0.147250039,35.79553672,78,117.9003081,915.6813043
31-Oct-12,"8,541",8120.775002,5002.284907,"1,418",1347.174082,862.1533042,,0.007362502,#DIV/0!,"8,556",8134.095015,4897.89169
01-Nov-12,"1,368",1705.63875,6304.191534,18,84.45870408,1121.491273,72,68.40036813,41.56496864,612,988.1047508,6542.68685
02-Nov-12,100,180.2819375,6293.215012,,4.222935204,1121.491273,,3.420018406,41.56496864,138,180.5052375,6544.873768
05-Nov-12,"1,644",1570.814097,4095.547037,301,286.1611468,786.2951874,,0.17100092,41.56496864,408,396.6252619,4372.502921
06-Nov-12,"4,118",3990.640705,1932.934073,438,430.4080573,192.4678878,,0.008550046,#DIV/0!,"3,084",2949.631263,1632.627222
07-Nov-12,"2,826",2884.232035,1824.55607,30,50.02040287,300.8090623,63,59.8504275,36.36813059,"4,494",4416.781563,1794.325467
08-Nov-12,"1,100",1189.211602,1917.292184,432,412.9010201,331.3055299,,2.992521375,36.36813059,594,785.1390782,2841.403213
09-Nov-12,207,256.1105801,1354.573925,,20.64505101,319.4970136,,0.149626069,36.36813059,84,119.0569539,2414.56205
12-Nov-12,"2,567",2451.455529,1778.42941,660,628.0322526,429.9934741,,0.007481303,#DIV/0!,234,228.2528477,2244.880605
13-Nov-12,"5,634",5474.872776,2340.479926,504,510.2016126,376.0136303,,0.000374065,#DIV/0!,"3,234",3083.712642,1783.192255
14-Nov-12,"2,823",2955.593639,2738.687547,510,510.0100806,376.0136483,65,61.7500187,37.52755153,"2,946",2952.885632,1738.456463
15-Nov-12,905,1007.529682,2668.704605,51,73.95050403,274.514295,,3.087500935,37.52755153,720,831.6442816,2163.273674
16-Nov-12,211,250.8264841,1989.289909,,3.697525202,265.0096192,,0.154375047,37.52755153,114,149.8822141,1356.436057
19-Nov-12,"5,032",4792.941324,3038.585965,458,435.2848763,372.8632425,,0.007718752,#DIV/0!,768,737.0941107,1400.340573
20-Nov-12,"8,079",7914.697066,3380.939778,"1,110",1076.264244,469.620853,65,61.75038594,37.52331107,"8,664",8267.654706,4609.154655
21-Nov-12,154,542.0348533,5594.229788,,53.81321219,469.620853,,3.087519297,37.52331107,156,561.5827353,6557.866742
26-Nov-12,"2,216",2132.301743,4960.805038,260,249.6906606,407.330124,,0.154375965,37.52331107,90,113.5791368,6553.807273
27-Nov-12,"2,736",2705.815087,4596.920341,468,457.084533,173.3704695,,0.007718798,#DIV/0!,324,313.4789568,4692.746505
28-Nov-12,"3,783",3729.140754,1200.963257,306,313.5542267,194.0777295,66,62.70038594,38.10066132,"2,322",2221.573948,1197.333704
29-Nov-12,784,931.2570377,1843.785326,6,21.37771133,234.5741575,,3.135019297,38.10066132,564,646.8786974,1508.419163
30-Nov-12,254,287.8628519,1852.28314,,1.068885567,197.8350647,,0.156750965,38.10066132,162,186.2439349,1529.358855
03-Dec-12,"2,817",2690.543143,2275.160498,312,296.4534443,252.4993467,,0.007837548,#DIV/0!,222,220.2121967,997.3192802
04-Dec-12,"4,230",4153.027157,1753.581024,492,482.2226722,212.0665095,,0.000391877,#DIV/0!,"2,550",2433.51061,1374.081154
05-Dec-12,"2,944",3004.451358,1846.456859,301,310.0611336,236.472881,5,4.750019594,2.886525095,"2,946",2920.37553,1377.417279
06-Dec-12,"1,288",1373.822568,1503.094513,,15.50305668,153.926511,,0.23750098,2.886525095,654,767.3187765,1899.738107
07-Dec-12,250,306.1911284,1374.88534,,0.775152834,104.6289586,70,66.51187505,40.38069816,132,163.7659388,1390.771173
10-Dec-12,"3,844",3667.109556,2361.163134,699,664.0887576,403.1203035,,3.325593752,40.27739759,414,401.4882969,1366.590048
11-Dec-12,"4,707",4655.005478,2225.641549,576,580.4044379,406.3157912,,0.166279688,40.27739759,"2,616",2505.274415,1337.947323
12-Dec-12,"5,890",5828.250274,2245.193029,528,530.6202219,407.440708,101,95.95831398,58.21637557,"3,924",3853.063721,1525.282646
13-Dec-12,"1,010",1250.912514,2933.832494,6,32.23101109,308.6163916,,4.797915699,58.21637557,294,471.953186,2554.980687
14-Dec-12,210,262.0456257,2933.953308,,1.611550555,304.3970008,,0.239895785,58.21637557,42,63.4976593,2225.951227
17-Dec-12,"4,022",3834.002281,3579.398993,427,405.7305775,389.9494455,,0.011994789,#DIV/0!,468,447.774883,2082.899938
18-Dec-12,"7,156",6989.900114,2958.401855,530,523.7865289,255.8633895,,0.000599739,#DIV/0!,"2,850",2729.888744,1428.188526
19-Dec-12,"3,569",3740.045006,3505.970305,924,903.9893264,344.7554905,121,114.95003,69.85903631,"6,870",6662.994437,2773.375132
20-Dec-12,"3,182",3209.90225,2771.861027,,45.19946632,241.9460765,,5.747501499,69.85903631,552,857.5497219,4481.646265
21-Dec-12,"2,202",2252.395113,2084.053643,,2.259973316,231.0633553,,0.287375075,69.85903631,726,732.5774861,4262.3186
24-Dec-12,1,113.5697556,1460.143957,,0.112998666,#DIV/0!,,0.014368754,#DIV/0!,12,48.0288743,3553.439191
26-Dec-12,"1,506",1436.378488,1635.390767,24,22.80564993,13.79116665,,0.000718438,#DIV/0!,"2,304",2191.201444,1369.421163
27-Dec-12,"2,272",2230.218924,1602.696192,12,12.5402825,15.13661018,,3.59219E-05,#DIV/0!,510,594.0600722,1676.81006
28-Dec-12,14,124.8109462,1586.269378,,0.627014125,15.13661018,,1.79609E-06,#DIV/0!,84,109.5030036,1650.858897
31-Dec-12,"2,500",2381.240547,1936.613253,,0.031350706,6.238644898,,8.98047E-08,#DIV/0!,12,16.87515018,1015.891465
02-Jan-13,"10,320",9923.062027,4952.341231,"2,058",1955.101568,1188.168754,15,14.25,8.660253986,"4,320",4104.843758,2502.435586
03-Jan-13,629,1093.703101,7188.996538,60,154.7550784,1615.203281,52,50.1125,23.45252294,318,507.3421879,3309.913189
04-Jan-13,204,248.4851551,7075.663979,,7.737753919,1615.203281,,2.505625,23.45252294,96,116.5671094,3317.944721
07-Jan-13,740,715.4242578,5397.923904,539,512.4368877,1136.317081,,0.12528125,21.79497266,180,176.8283555,2199.500835
08-Jan-13,"3,202",3077.671213,1550.937069,624,618.4218444,313.4144764,,0.006264063,#DIV/0!,"2,076",1981.041418,1122.508955
09-Jan-13,"2,818",2830.983561,1471.06253,246,264.6210922,380.0806635,67,63.6503132,38.67885148,"2,754",2715.352071,1184.390369
10-Jan-13,"1,068",1156.149178,1766.219984,30,41.73105461,262.1649704,,3.18251566,38.67885148,702,802.6676035,1659.106634
11-Jan-13,252,297.2074589,1153.693476,,2.086552731,254.1292893,,0.159125783,38.67885148,72,108.5333802,1314.651624
14-Jan-13,"1,025",988.6103729,1218.643885,450,427.6043276,291.9323627,,0.007956289,#DIV/0!,312,301.826669,1242.156777
15-Jan-13,"2,201",2140.380519,969.0298115,37,56.53021638,343.1220371,,0.000397814,#DIV/0!,"2,130",2038.591333,1142.729414
16-Jan-13,"2,041",2045.969026,818.4226859,396,379.0265108,395.1531058,67,63.65001989,38.68223836,"3,720",3635.929567,1438.836509
17-Jan-13,"1,097",1144.448451,890.750116,6,24.65132554,368.3115767,,3.182500995,38.68223836,588,740.3964783,2270.038728
18-Jan-13,150,199.7224226,795.6855371,,1.232566277,291.1978204,,0.15912505,38.68223836,168,196.6198239,2036.716923
21-Jan-13,669,645.5361211,838.5883732,468,444.6616283,344.973726,,0.007956252,#DIV/0!,120,123.8309912,1791.031637
22-Jan-13,"4,914",4700.576806,2544.859725,404,406.0330814,270.5089063,,0.000397813,#DIV/0!,"2,076",1978.39155,1175.368334
23-Jan-13,"1,606",1760.72884,3055.945622,576,567.5016541,287.7579762,66,62.70001989,38.10488809,"1,902",1905.819577,1128.815028
24-Jan-13,840,886.036442,3089.980102,42,68.2750827,319.736407,,3.135000995,38.10488809,324,403.0909789,1451.315803
25-Jan-13,100,139.3018221,1918.506406,,3.413754135,318.8734032,,0.15675005,38.10488809,60,77.15454894,935.5391074
28-Jan-13,981,938.9150911,851.2834836,566,537.8706877,444.4679488,,0.007837502,#DIV/0!,378,362.9577274,950.503828
29-Jan-13,"2,153",2092.295755,966.1454819,756,745.0935344,348.3693829,5,4.750391875,2.882226362,"1,836",1762.347886,890.3319497
30-Jan-13,"1,470",1501.114788,925.5106689,204,231.0546767,467.9265946,75,71.48751959,40.66091132,"1,848",1843.717394,869.424677
31-Jan-13,759,796.1057394,896.6583389,,11.55273384,336.8296354,,3.57437598,40.66091132,54,143.4858697,1339.188582
01-Feb-13,156,188.005287,670.2541115,,0.577636692,312.4004977,,0.178718799,40.55863016,732,702.5742935,1088.848554
04-Feb-13,647,624.0502643,624.805533,516,490.2288818,297.5792402,,0.00893594,#DIV/0!,264,285.9287147,1116.808644
05-Feb-13,"1,130",1104.702513,540.4925652,72,92.91144409,383.2212634,5,4.750446797,2.881592179,66,76.99643573,442.3667151
06-Feb-13,"1,530",1508.735126,464.592737,,4.645572205,383.2212634,62,59.13752234,33.17841699,"1,878",1787.949822,1077.702787
07-Feb-13,"1,299",1309.486756,400.3548052,283,269.0822786,290.0555034,,2.956876117,33.17841699,342,414.2974911,1339.496593
08-Feb-13,180,236.4743378,707.2498634,,13.45411393,160.7080038,,0.147843806,33.05304495,120,134.7148746,1344.246473
11-Feb-13,615,596.0737169,698.3339298,352,335.0727057,253.0444654,,0.00739219,#DIV/0!,354,343.0357437,861.2912528
12-Feb-13,"4,112",3936.203686,2143.265393,360,358.7536353,195.9886791,8,7.60036961,4.61453427,"2,100",2012.151787,1036.278659
13-Feb-13,"2,409",2485.360184,2223.913248,324,325.7376818,197.0131147,59,56.43001848,30.03222594,"2,790",2751.107589,1116.550821
14-Feb-13,"1,013",1086.618009,2370.789829,75,87.53688409,146.8543158,,2.821500924,30.03222594,474,587.8553795,1720.192839
15-Feb-13,200,244.3309005,1327.439528,,4.376844204,146.1474144,,0.141075046,29.67559044,114,137.692769,1415.95736
18-Feb-13,871,839.666545,1056.196031,414,393.5188422,277.2847603,,0.007053752,#DIV/0!,114,115.1846384,1342.922093
19-Feb-13,"2,648",2557.583327,1217.76784,342,344.5759421,238.3591973,,0.000352688,#DIV/0!,78,79.85923192,274.7623005
20-Feb-13,"5,978",5806.979166,2262.891532,12,28.62879711,306.0784639,67,63.65001763,38.68226441,"1,878",1788.092962,1038.469108
21-Feb-13,"1,079",1315.398958,3527.185237,16,16.63143986,194.4397378,,3.182500882,38.68226441,414,482.7046481,1306.754808
22-Feb-13,157,214.9199479,3434.866584,,0.831571993,192.1511938,,0.159125044,38.68226441,108,126.7352324,1324.367177
25-Feb-13,"1,321",1265.695997,2882.076117,450,427.5415786,259.4299926,,0.007956252,#DIV/0!,366,354.0367616,833.8230567
26-Feb-13,"2,500",2438.2848,1167.448443,42,61.27707893,341.7575093,,0.000397813,#DIV/0!,"1,434",1380.001838,674.2827791
27-Feb-13,"2,640",2629.91424,963.9516714,150,145.5638539,345.5750484,81,76.95001989,46.76514213,"2,802",2730.900092,1040.135728
28-Feb-13,"1,632",1681.895712,923.7655228,9,15.8281927,241.6359188,,3.847500995,46.76514213,654,757.8450046,1581.340503
01-Mar-13,100,179.0947856,1086.111703,,0.791409635,94.02383196,,0.19237505,46.76514213,48,83.49225023,1509.908683
04-Mar-13,"1,492",1426.354739,1319.336573,582,552.9395705,344.69944,,0.009618752,#DIV/0!,264,254.9746125,1271.479056
05-Mar-13,191,252.767737,1384.703997,289,302.1969785,368.5410526,,0.000480938,#DIV/0!,"2,100",2007.748731,1146.092151
06-Mar-13,"2,874",2742.938387,1836.725348,73,84.45984893,391.5774838,68,64.60002405,39.25954064,"2,004",2004.187437,1070.313939
07-Mar-13,938,1028.246919,1971.020251,10,13.72299245,206.3489124,,3.230001202,39.25954064,186,276.9093718,1495.542074
08-Mar-13,244,283.212346,1892.41507,,0.686149622,139.1348555,,0.16150006,39.25954064,48,59.44546859,1058.020023
11-Mar-13,263,264.0106173,1136.259118,308,292.6343075,182.5614707,,0.008075003,#DIV/0!,336,322.1722734,1069.998047
12-Mar-13,"1,720",1647.200531,954.8746605,432,425.0317154,194.820087,,0.00040375,#DIV/0!,"2,004",1919.908614,992.8790479
13-Mar-13,"1,405",1417.110027,852.2469749,117,132.4015858,263.7853525,70,66.50002019,40.41428574,"3,018",2963.095431,1170.5884
14-Mar-13,933,957.2055013,896.8330758,6,12.32007929,208.3936138,,3.325001009,40.41428574,378,507.2547715,1890.067687
15-Mar-13,256,291.0602751,511.4400486,,0.616003964,192.2332772,,0.16625005,40.41428574,72,93.76273858,1640.931625
18-Mar-13,,14.55301375,491.9524614,4,3.830800198,73.00413759,,0.008312503,#DIV/0!,12,16.08813693,1514.249016
19-Mar-13,"1,021",970.6776507,708.1959925,"1,158",1100.29154,666.3627624,,0.000415625,#DIV/0!,"2,184",2075.604407,1277.494124
20-Mar-13,"1,424",1401.333883,637.2955067,168,214.614577,856.5989938,68,64.60002078,39.25957834,"2,148",2144.38022,1253.231571
21-Mar-13,416,465.2666941,854.2676295,1,11.68072885,865.4296129,,3.230001039,39.25957834,336,426.419011,1630.472528
22-Mar-13,160,175.2633347,650.5310054,,0.584036443,552.207299,,0.161500052,39.25957834,48,66.92095055,1067.501927
25-Mar-13,648,624.3631667,655.1209988,354,336.3292018,238.4212175,,0.008075003,#DIV/0!,168,162.9460475,1068.278513
26-Mar-13,500,506.2181583,332.7330795,265,268.5664601,208.1591525,,0.00040375,#DIV/0!,"1,848",1763.747302,998.8034082
27-Mar-13,136,154.5109079,354.0280764,162,167.328323,217.0615187,89,84.55002019,51.38394085,"1,914",1906.487365,978.4681344
28-Mar-13,647,622.3755454,362.8926323,1,9.31641615,121.2564452,,4.227501009,51.38394085,672,733.7243683,1209.123891
29-Mar-13,1,624,388129,,,,,,,96,,
,,,,,,,,,,,,
,,,3416.89322,,,,,,,,,
